{"version":"0.3","links":[{"name":"Flow 1","durableLink":"NonPasswordDurable","publicShare":true,"orgShare":false,"allowComments":true,"requirePassword":false,"fullscreen":false,"hotspotHints":true,"navigationControls":true,"includeSpecs":false,"includeAssets":false,"platform":"","passwordPublished":false,"shareModeViewMode":"ShareModeViewModeDesign","useInvitationsCommentsACL":true,"isURNbasedSharedLink":false,"useSamPublish":false,"sharedURL":"https://xd.adobe.com/view/5427d63d-f375-4589-adaf-7c967cbebd64-0174/","href":"https://cc-api-cp.adobe.io/api/v2/xd_prototypes/assets/5427d63d-f375-4589-adaf-7c967cbebd64/original","compositeID":"8e09b666-ad10-4e12-8456-604dfe7a97ce","assetID":"5427d63d-f375-4589-adaf-7c967cbebd64","resourceID":"02f793d9-655c-453b-aa4e-2eacfc3c639f","spaceID":"","linksResourceID":"","assetURN":"urn:aaid:sc:US:5427d63d-f375-4589-adaf-7c967cbebd64","idHash":"Q8yHBGuv3augOY9S6VEqjjb4qYfCxX5ZQirrHaPpbCg=","dateStamp":1675948630411,"flowRootGuid":"","homeArtboardType":"Mobile","embedWidth":430,"embedHeight":932}],"selectedLink":0}