{"version":"0.24","interactions":{"1750a52f-0bcb-45d8-94d1-0e311772696b":[{"properties":{"transition":"none","duration":0.30000001192092896,"easing":"ease-out","preserveScrollPosition":false,"destination":"7972c9d2-1a56-4999-80a5-f8dc9f4e6df3","voiceLocale":"en-us"},"triggerEvent":"tap","action":"artboard-transition","id":"c50e69f5-9c25-4166-9dca-6848c4dd8eaf"}],"05343152-9b96-4bc8-9a79-0d5c93d3de56":[{"properties":{"transition":"none","duration":0.30000001192092896,"easing":"ease-out","preserveScrollPosition":false,"destination":"1750a52f-0bcb-45d8-94d1-0e311772696b","voiceLocale":"en-us"},"triggerEvent":"tap","action":"artboard-transition","id":"d97793b7-4a17-4830-8c64-77adb9dd72e5"}],"e3acfd38-fadb-41ce-afc7-ef22229b839b":[{"properties":{"transition":"none","duration":0.30000001192092896,"easing":"ease-out","preserveScrollPosition":false,"destination":"2aee1ff0-2ada-448c-89af-eccb49712ef7","voiceLocale":"en-us"},"triggerEvent":"tap","action":"artboard-transition","id":"2105d175-e9ab-44ed-95b4-89b2130e22d4"}],"7c8d8e81-5c1c-44b9-b4fb-1df9b345e54e":[{"properties":{"transition":"none","duration":0.30000001192092896,"easing":"ease-out","preserveScrollPosition":false,"destination":"5f8b98f7-4cd7-4066-b4a1-c6342b8fe1f4","voiceLocale":"en-us"},"triggerEvent":"tap","action":"artboard-transition","id":"8ab74c67-d39b-41e2-b32e-74fb4ff84654"}],"3fa8f412-f4d7-494e-8a51-404d030904a3":[{"properties":{"transition":"none","duration":0.30000001192092896,"easing":"ease-out","preserveScrollPosition":false,"destination":"17fdc5bc-488c-4bf2-9e1e-b6451427b409","voiceLocale":"en-us"},"triggerEvent":"tap","action":"artboard-transition","id":"0e287674-5ccd-48e5-b2f0-ab1673535433"}],"7e2baadc-e1ca-4ac8-9ce6-5d4220947357":[{"properties":{"transition":"none","duration":0.30000001192092896,"easing":"ease-out","preserveScrollPosition":false,"destination":"05343152-9b96-4bc8-9a79-0d5c93d3de56","voiceLocale":"en-us"},"triggerEvent":"tap","action":"artboard-transition","id":"ceb1c1d4-b132-4194-8b0f-70aec1ddf77f"}],"6db0a9a0-2926-44c4-b9bf-fdd514620fc6":[{"properties":{"transition":"none","duration":0.30000001192092896,"easing":"ease-out","preserveScrollPosition":false,"destination":"2aee1ff0-2ada-448c-89af-eccb49712ef7","voiceLocale":"en-us"},"triggerEvent":"tap","action":"artboard-transition","id":"3b9adc08-456e-431d-835a-e2c13c6b0497"}],"2aee1ff0-2ada-448c-89af-eccb49712ef7":[{"properties":{"transition":"none","duration":0.30000001192092896,"easing":"ease-out","preserveScrollPosition":false,"destination":"5f8b98f7-4cd7-4066-b4a1-c6342b8fe1f4","voiceLocale":"en-us"},"triggerEvent":"tap","action":"artboard-transition","id":"fab6ad89-03c0-4a1a-ad35-ef8aaebe383b"}],"5f8b98f7-4cd7-4066-b4a1-c6342b8fe1f4":[{"properties":{"transition":"none","duration":0.30000001192092896,"easing":"ease-out","preserveScrollPosition":false,"destination":"17fdc5bc-488c-4bf2-9e1e-b6451427b409","voiceLocale":"en-us"},"triggerEvent":"tap","action":"artboard-transition","id":"92fd5e8d-1efa-4c25-bd19-10c770e351c4"}],"17fdc5bc-488c-4bf2-9e1e-b6451427b409":[{"properties":{"transition":"none","duration":0.30000001192092896,"easing":"ease-out","preserveScrollPosition":false,"destination":"05343152-9b96-4bc8-9a79-0d5c93d3de56","voiceLocale":"en-us"},"triggerEvent":"tap","action":"artboard-transition","id":"549635a0-33f1-47b3-b7e7-30d9c0d47e38"}],"9f9eb64f-45c4-415d-aa70-4fbdbe5b3f76":[{"properties":{"transition":"none","duration":0.30000001192092896,"easing":"ease-out","preserveScrollPosition":false,"destination":"1750a52f-0bcb-45d8-94d1-0e311772696b","voiceLocale":"en-us"},"triggerEvent":"tap","action":"artboard-transition","id":"675ca2dc-af9d-42bb-969c-90ab3c4a2d35"}],"caf69720-4736-43f3-a29a-1990682a6e36":[{"properties":{"transition":"none","duration":0.30000001192092896,"easing":"ease-out","preserveScrollPosition":false,"destination":"71a9d5f2-a30b-4b8a-88b8-5eda95a722f9","voiceLocale":"en-us"},"triggerEvent":"tap","action":"artboard-transition","id":"ad8e98cd-6a31-43f6-8cbe-869ddee3fd18"}],"5974509e-054e-400a-b36c-8b246cd9bd14":[{"properties":{"transition":"none","duration":0.30000001192092896,"easing":"ease-out","preserveScrollPosition":false,"destination":"0533db5e-078a-456e-b1a2-186baccc1cdf","voiceLocale":"en-us"},"triggerEvent":"tap","action":"artboard-transition","id":"a98253e5-d816-4368-bebc-a133c95dd99f"}],"d825f089-3e20-441d-a421-6c83c77a38ed":[{"properties":{"transition":null,"duration":0.30000001192092896,"easing":"ease-out","destination":"c3da1a4c-185d-4b77-839b-4a09c9fee218","voiceLocale":"en-us"},"triggerEvent":"tap","action":"scroll-transition","id":"b5739548-8e09-47b1-8948-e6c2831bafdd"}],"6fe909f9-b930-4e76-ad4c-1006e3771f85":[{"properties":{"transition":"none","duration":0.30000001192092896,"easing":"ease-out","preserveScrollPosition":false,"destination":"5fe1a33b-5cc2-4387-a036-41390e0492a3","voiceLocale":"en-us"},"triggerEvent":"tap","action":"artboard-transition","id":"09266fbc-dad3-4a26-bef8-dc98a40568a9"}],"f92f08c0-2577-4302-a653-e4dc75385a48":[{"properties":{"transition":"none","duration":0.30000001192092896,"easing":"ease-out","preserveScrollPosition":false,"destination":"5fe1a33b-5cc2-4387-a036-41390e0492a3","voiceLocale":"en-us"},"triggerEvent":"tap","action":"artboard-transition","id":"2a7bd9dd-598a-4f10-8995-9d75bf60c44e"}],"0409e240-fc53-4100-bb07-839fe68be21e":[{"properties":{"transition":"dissolve","duration":0.30000001192092896,"easing":"ease-out","preserveScrollPosition":false,"destination":"5fe1a33b-5cc2-4387-a036-41390e0492a3","voiceLocale":"en-us"},"triggerEvent":"drag","action":"auto-animate","id":"3eb37142-c915-4a9e-ab3f-11e7a11e6837"},{"properties":{"transition":"none","duration":0.30000001192092896,"easing":"ease-out","preserveScrollPosition":false,"destination":"5fe1a33b-5cc2-4387-a036-41390e0492a3","voiceLocale":"en-us"},"triggerEvent":"keys-gamepad","action":"artboard-transition","id":"4b30fdd2-319b-453a-910f-fd6bd0bba49b"},{"properties":{"transition":null,"duration":0.30000001192092896,"easing":"ease-out","destination":"f92f08c0-2577-4302-a653-e4dc75385a48","voiceLocale":"en-us"},"triggerEvent":"tap","action":"scroll-transition","id":"0adb091f-eda5-45e8-8014-5f2ac735d560"}],"66a05631-89fa-4ee5-b99b-b3547b2ae722":[{"properties":{"transition":"none","duration":0.30000001192092896,"easing":"ease-out","preserveScrollPosition":false,"destination":"0eb026d5-1b6a-4b27-83cd-35bf20994d20","voiceLocale":"en-us"},"triggerEvent":"tap","action":"artboard-transition","id":"4e2b4ff5-cdc0-43f4-a7ba-e37dd4b9e671"}],"f9c51f95-74b5-42e3-80d7-86b716e607df":[{"properties":{"transition":null,"duration":0.30000001192092896,"easing":"ease-out","destination":"e51a9e6a-4d80-4c35-bb0e-51ef1649a23f","voiceLocale":"en-us"},"triggerEvent":"tap","action":"scroll-transition","id":"ce6efc3f-46d4-404d-8d37-181f49cc851c"}],"89499065-1902-4a45-a7d3-86386aedad27":[{"properties":{"transition":"none","duration":0.30000001192092896,"easing":"ease-out","preserveScrollPosition":false,"destination":"007fb1c9-8951-4bed-a0a8-630ec95b86a6","voiceLocale":"en-us"},"triggerEvent":"tap","action":"artboard-transition","id":"0540f571-bcb8-493a-8028-1c35dcfd769d"}],"b90fc65d-01f3-4d9f-8897-06673653a618":[{"properties":{"transition":"none","duration":0.30000001192092896,"easing":"ease-out","preserveScrollPosition":false,"destination":"e91c8b35-ed20-48a3-b5d9-7644020dcb4e","voiceLocale":"en-us"},"triggerEvent":"tap","action":"artboard-transition","id":"a814dd06-12b1-455b-92d8-2d5877e7cc04"}],"b831ecf3-946f-43f1-a145-5427d3b79122":[{"properties":{"transition":"none","duration":0.30000001192092896,"easing":"ease-out","preserveScrollPosition":false,"destination":"7972c9d2-1a56-4999-80a5-f8dc9f4e6df3","voiceLocale":"en-us"},"triggerEvent":"tap","action":"artboard-transition","id":"a233a23e-7223-4361-8226-13c1159acb4a"}],"119dee68-5f0c-4a22-8830-eaa32b936ef4":[{"properties":{"transition":"none","duration":0.30000001192092896,"easing":"ease-out","preserveScrollPosition":false,"destination":"e0244f7b-25b2-424a-9b5f-ffe1b4cff8c9","voiceLocale":"en-us"},"triggerEvent":"tap","action":"artboard-transition","id":"777fe6b3-fad3-4f1e-80e4-bce45a7a8b5c"}],"909cf859-1310-45ff-b02d-6d9c69babddf":[{"properties":{"transition":"none","duration":0.30000001192092896,"easing":"ease-out","preserveScrollPosition":false,"destination":"18c7a93f-09fc-455f-8459-43583fa4bac3","voiceLocale":"en-us"},"triggerEvent":"tap","action":"artboard-transition","id":"4721c760-cc26-44bc-a6e7-b0ea52617c24"}],"4a96375e-0a69-485d-a56b-f618682b24bd":[{"properties":{"transition":"none","duration":0.30000001192092896,"easing":"ease-out","preserveScrollPosition":false,"destination":"d21beafb-a961-4161-8fd2-740e78983d30","voiceLocale":"en-us"},"triggerEvent":"tap","action":"artboard-transition","id":"c225ab2f-0a64-4f14-b805-4f375cbf35a7"}],"3e384dfc-b365-47f9-88fc-4b41c3d177a1":[{"properties":{"transition":"none","duration":0.30000001192092896,"easing":"ease-out","preserveScrollPosition":false,"destination":"1f44546f-380f-406f-9588-0fb115cd0373","voiceLocale":"en-us"},"triggerEvent":"tap","action":"artboard-transition","id":"cf73fa83-83b4-4b13-9909-fe1f65e6b66d"}],"5fe1a33b-5cc2-4387-a036-41390e0492a3":[{"properties":{"transition":"none","duration":0.30000001192092896,"easing":"ease-out","preserveScrollPosition":false,"destination":"bce8f250-2424-43ab-90f5-b94042b42d9e","voiceLocale":"en-us"},"triggerEvent":"tap","action":"artboard-transition","id":"497eba44-fbea-4097-bd7a-c2e51b3d9513"}],"785fd75b-bc71-4cb3-946f-a800c2858fb5":[{"properties":{"transition":"none","duration":0.30000001192092896,"easing":"ease-out","preserveScrollPosition":false,"destination":"0eb026d5-1b6a-4b27-83cd-35bf20994d20","voiceLocale":"en-us"},"triggerEvent":"tap","action":"artboard-transition","id":"95be0195-b650-4085-8ef0-fb305b22f5b0"}],"80491326-8e1c-42b7-9876-e6d6b43db321":[{"properties":{"transition":"none","duration":0.30000001192092896,"easing":"ease-out","preserveScrollPosition":false,"destination":"7972c9d2-1a56-4999-80a5-f8dc9f4e6df3","voiceLocale":"en-us"},"triggerEvent":"tap","action":"artboard-transition","id":"91a2006d-c86d-4350-b074-7c3c8224f868"}],"93121c78-f6dd-426a-a528-e130cff6bf60":[{"properties":{"transition":"none","duration":0.30000001192092896,"easing":"ease-out","preserveScrollPosition":false,"destination":"e0244f7b-25b2-424a-9b5f-ffe1b4cff8c9","voiceLocale":"en-us"},"triggerEvent":"tap","action":"artboard-transition","id":"18a2cb50-fc14-43ad-b0cf-a749b2730f04"}],"8006aa31-b97b-4668-9916-8409503838d3":[{"properties":{"transition":"none","duration":0.30000001192092896,"easing":"ease-out","preserveScrollPosition":false,"destination":"18c7a93f-09fc-455f-8459-43583fa4bac3","voiceLocale":"en-us"},"triggerEvent":"tap","action":"artboard-transition","id":"92715b8c-8562-4154-9ddc-d2353ab243db"}],"c7e07fd3-bfd6-4d10-a6bc-8f173ea84626":[{"properties":{"transition":"none","duration":0.30000001192092896,"easing":"ease-out","preserveScrollPosition":false,"destination":"d21beafb-a961-4161-8fd2-740e78983d30","voiceLocale":"en-us"},"triggerEvent":"tap","action":"artboard-transition","id":"2e519b59-b29d-40fb-94c6-f0fde6640a27"}],"ada798d6-5cd9-4077-bb11-69341073c638":[{"properties":{"transition":"none","duration":0.30000001192092896,"easing":"ease-out","preserveScrollPosition":false,"destination":"e91c8b35-ed20-48a3-b5d9-7644020dcb4e","voiceLocale":"en-us"},"triggerEvent":"tap","action":"artboard-transition","id":"7502965b-cbae-409e-a548-1b37c0fac041"}],"50aede2f-0305-4815-a2eb-df018326172d":[{"properties":{"transition":"none","duration":0.30000001192092896,"easing":"ease-out","preserveScrollPosition":false,"destination":"5fe1a33b-5cc2-4387-a036-41390e0492a3","voiceLocale":"en-us"},"triggerEvent":"tap","action":"artboard-transition","id":"2509d559-0e0e-4f8d-87aa-3f1f1be8a05a"}],"35ae0aec-3884-47d7-9629-875cb678f33e":[{"properties":{"transition":"none","duration":0.30000001192092896,"easing":"ease-out","preserveScrollPosition":false,"destination":"0533db5e-078a-456e-b1a2-186baccc1cdf","voiceLocale":"en-us"},"triggerEvent":"tap","action":"artboard-transition","id":"b9bb34e7-e8d5-495e-8265-cb6e1c969d28"}],"9ba2b5e3-fd2b-4bd1-999f-f5688c917ce5":[{"properties":{"transition":"none","duration":0.30000001192092896,"easing":"ease-out","preserveScrollPosition":false,"destination":"007fb1c9-8951-4bed-a0a8-630ec95b86a6","voiceLocale":"en-us"},"triggerEvent":"tap","action":"artboard-transition","id":"1e07896c-7f97-48f9-ab57-7bbe8bc5a183"}]}}